crop,lead,feature,importance
wheat,1,ndvi_s1,0.14036493003368378
wheat,1,ndvi_max,0.016054591163992882
wheat,1,ndvi_mean,0.01166983786970377
wheat,1,rain_cum,0.05721087381243706
wheat,1,tmean_avg,0.27020373940467834
wheat,1,tmean_last,0.08799401670694351
wheat,1,year,0.4165020287036896
wheat,2,ndvi_s1,0.03768192231655121
wheat,2,ndvi_s2,0.04557044804096222
wheat,2,ndvi_max,0.00787830725312233
wheat,2,ndvi_mean,0.15031546354293823
wheat,2,rain_cum,0.04355261102318764
wheat,2,tmean_avg,0.3084052503108978
wheat,2,tmean_last,0.04816728085279465
wheat,2,year,0.3584287166595459
wheat,3,ndvi_s1,0.02426745928823948
wheat,3,ndvi_s2,0.02658955380320549
wheat,3,ndvi_s3,0.05053228139877319
wheat,3,ndvi_max,0.008379111997783184
wheat,3,ndvi_mean,0.1984984129667282
wheat,3,rain_cum,0.06650788336992264
wheat,3,tmean_avg,0.29917043447494507
wheat,3,tmean_last,0.02584737539291382
wheat,3,year,0.3002074360847473
wheat,4,ndvi_s1,0.019989458844065666
wheat,4,ndvi_s2,0.03330449014902115
wheat,4,ndvi_s3,0.03591524437069893
wheat,4,ndvi_s4,0.04324648156762123
wheat,4,ndvi_max,0.008998827077448368
wheat,4,ndvi_mean,0.25414568185806274
wheat,4,rain_cum,0.07297919690608978
wheat,4,tmean_avg,0.22009386122226715
wheat,4,tmean_last,0.0279883723706007
wheat,4,year,0.2833384573459625
wheat,5,ndvi_s1,0.01696009747684002
wheat,5,ndvi_s2,0.028921082615852356
wheat,5,ndvi_s3,0.03454223647713661
wheat,5,ndvi_s4,0.02756769396364689
wheat,5,ndvi_s5,0.020205428823828697
wheat,5,ndvi_max,0.014269763603806496
wheat,5,ndvi_mean,0.3128790557384491
wheat,5,rain_cum,0.05920714512467384
wheat,5,tmean_avg,0.17784033715724945
wheat,5,tmean_last,0.025550562888383865
wheat,5,year,0.2820565402507782
wheat,6,ndvi_s1,0.020448874682188034
wheat,6,ndvi_s2,0.02617652900516987
wheat,6,ndvi_s3,0.03946909308433533
wheat,6,ndvi_s4,0.0508362241089344
wheat,6,ndvi_s5,0.019756846129894257
wheat,6,ndvi_s6,0.01951470784842968
wheat,6,ndvi_max,0.004732247442007065
wheat,6,ndvi_mean,0.26478755474090576
wheat,6,rain_cum,0.06528428941965103
wheat,6,tmean_avg,0.18138760328292847
wheat,6,tmean_last,0.026039326563477516
wheat,6,year,0.28156664967536926
chickpea,1,ndvi_s1,0.11798098683357239
chickpea,1,ndvi_max,0.01770763099193573
chickpea,1,ndvi_mean,0.010104401968419552
chickpea,1,rain_cum,0.34388279914855957
chickpea,1,tmean_avg,0.2414444386959076
chickpea,1,tmean_last,0.02876405045390129
chickpea,1,year,0.2401156723499298
chickpea,2,ndvi_s1,0.026596752926707268
chickpea,2,ndvi_s2,0.08322425931692123
chickpea,2,ndvi_max,0.009596467018127441
chickpea,2,ndvi_mean,0.18756435811519623
chickpea,2,rain_cum,0.1306048184633255
chickpea,2,tmean_avg,0.29610830545425415
chickpea,2,tmean_last,0.04434880241751671
chickpea,2,year,0.22195619344711304
chickpea,3,ndvi_s1,0.032243743538856506
chickpea,3,ndvi_s2,0.03346891701221466
chickpea,3,ndvi_s3,0.12811578810214996
chickpea,3,ndvi_max,0.004893365316092968
chickpea,3,ndvi_mean,0.24743665754795074
chickpea,3,rain_cum,0.060240913182497025
chickpea,3,tmean_avg,0.2570822536945343
chickpea,3,tmean_last,0.028653623536229134
chickpea,3,year,0.2078646868467331
chickpea,4,ndvi_s1,0.025946559384465218
chickpea,4,ndvi_s2,0.027621138840913773
chickpea,4,ndvi_s3,0.08481905609369278
chickpea,4,ndvi_s4,0.030492166057229042
chickpea,4,ndvi_max,0.028413472697138786
chickpea,4,ndvi_mean,0.23826992511749268
chickpea,4,rain_cum,0.045574404299259186
chickpea,4,tmean_avg,0.29147592186927795
chickpea,4,tmean_last,0.03671550378203392
chickpea,4,year,0.19067181646823883
chickpea,5,ndvi_s1,0.02686600759625435
chickpea,5,ndvi_s2,0.03126179054379463
chickpea,5,ndvi_s3,0.08924508839845657
chickpea,5,ndvi_s4,0.02095414511859417
chickpea,5,ndvi_s5,0.024272486567497253
chickpea,5,ndvi_max,0.025027411058545113
chickpea,5,ndvi_mean,0.23442603647708893
chickpea,5,rain_cum,0.06433627754449844
chickpea,5,tmean_avg,0.2657240033149719
chickpea,5,tmean_last,0.031586505472660065
chickpea,5,year,0.18630023300647736
chickpea,6,ndvi_s1,0.023414377123117447
chickpea,6,ndvi_s2,0.02939395233988762
chickpea,6,ndvi_s3,0.1018194705247879
chickpea,6,ndvi_s4,0.020038150250911713
chickpea,6,ndvi_s5,0.0207515899091959
chickpea,6,ndvi_s6,0.034461893141269684
chickpea,6,ndvi_max,0.0178555715829134
chickpea,6,ndvi_mean,0.22356170415878296
chickpea,6,rain_cum,0.09128937870264053
chickpea,6,tmean_avg,0.2278553694486618
chickpea,6,tmean_last,0.02333383448421955
chickpea,6,year,0.18622471392154694
rice,1,ndvi_s1,0.06285363435745239
rice,1,ndvi_max,0.010303385555744171
rice,1,ndvi_mean,0.0019611434545367956
rice,1,rain_cum,0.508431077003479
rice,1,tmean_avg,0.08263504505157471
rice,1,tmean_last,0.022566942498087883
rice,1,year,0.3112487196922302
rice,2,ndvi_s1,0.02902427315711975
rice,2,ndvi_s2,0.03355425223708153
rice,2,ndvi_max,0.006024372763931751
rice,2,ndvi_mean,0.05372196063399315
rice,2,rain_cum,0.4772251844406128
rice,2,tmean_avg,0.043644681572914124
rice,2,tmean_last,0.041393280029296875
rice,2,year,0.3154119849205017
rice,3,ndvi_s1,0.031003523617982864
rice,3,ndvi_s2,0.03061404637992382
rice,3,ndvi_s3,0.030886301770806313
rice,3,ndvi_max,0.007465003989636898
rice,3,ndvi_mean,0.12555859982967377
rice,3,rain_cum,0.42657506465911865
rice,3,tmean_avg,0.045044172555208206
rice,3,tmean_last,0.023690184578299522
rice,3,year,0.2791631519794464
rice,4,ndvi_s1,0.030846258625388145
rice,4,ndvi_s2,0.030020544305443764
rice,4,ndvi_s3,0.024210289120674133
rice,4,ndvi_s4,0.020648257806897163
rice,4,ndvi_max,0.016410408541560173
rice,4,ndvi_mean,0.10143600404262543
rice,4,rain_cum,0.45558786392211914
rice,4,tmean_avg,0.03335588425397873
rice,4,tmean_last,0.022263722494244576
rice,4,year,0.2652207016944885
rice,5,ndvi_s1,0.02695278823375702
rice,5,ndvi_s2,0.023955974727869034
rice,5,ndvi_s3,0.015726953744888306
rice,5,ndvi_s4,0.020563628524541855
rice,5,ndvi_s5,0.021463949233293533
rice,5,ndvi_max,0.014664007350802422
rice,5,ndvi_mean,0.12990611791610718
rice,5,rain_cum,0.39569956064224243
rice,5,tmean_avg,0.042188894003629684
rice,5,tmean_last,0.029687637463212013
rice,5,year,0.2791904807090759
rice,6,ndvi_s1,0.03126552700996399
rice,6,ndvi_s2,0.02331167832016945
rice,6,ndvi_s3,0.03053280897438526
rice,6,ndvi_s4,0.019217977300286293
rice,6,ndvi_s5,0.03160959109663963
rice,6,ndvi_s6,0.025522571057081223
rice,6,ndvi_max,0.025665873661637306
rice,6,ndvi_mean,0.03971810266375542
rice,6,rain_cum,0.40895891189575195
rice,6,tmean_avg,0.06391967833042145
rice,6,tmean_last,0.017439035698771477
rice,6,year,0.2828383147716522
maize,1,ndvi_s1,0.05535705387592316
maize,1,ndvi_max,0.01030444260686636
maize,1,ndvi_mean,0.006595732644200325
maize,1,rain_cum,0.5459017753601074
maize,1,tmean_avg,0.10167519748210907
maize,1,tmean_last,0.027220210060477257
maize,1,year,0.25294554233551025
maize,2,ndvi_s1,0.03769033029675484
maize,2,ndvi_s2,0.04696962609887123
maize,2,ndvi_max,0.01159849762916565
maize,2,ndvi_mean,0.08004418760538101
maize,2,rain_cum,0.531291127204895
maize,2,tmean_avg,0.048816978931427
maize,2,tmean_last,0.025795292109251022
maize,2,year,0.21779394149780273
maize,3,ndvi_s1,0.04033118858933449
maize,3,ndvi_s2,0.03602686524391174
maize,3,ndvi_s3,0.06664402782917023
maize,3,ndvi_max,0.009572234936058521
maize,3,ndvi_mean,0.1242726594209671
maize,3,rain_cum,0.4295700490474701
maize,3,tmean_avg,0.04528931900858879
maize,3,tmean_last,0.029303772374987602
maize,3,year,0.21898987889289856
maize,4,ndvi_s1,0.03194187954068184
maize,4,ndvi_s2,0.031840674579143524
maize,4,ndvi_s3,0.06485258787870407
maize,4,ndvi_s4,0.029028339311480522
maize,4,ndvi_max,0.01209460012614727
maize,4,ndvi_mean,0.1474999189376831
maize,4,rain_cum,0.38494953513145447
maize,4,tmean_avg,0.05029509589076042
maize,4,tmean_last,0.04015199840068817
maize,4,year,0.20734547078609467
maize,5,ndvi_s1,0.026459084823727608
maize,5,ndvi_s2,0.03508713096380234
maize,5,ndvi_s3,0.057865846902132034
maize,5,ndvi_s4,0.031093887984752655
maize,5,ndvi_s5,0.03309840336441994
maize,5,ndvi_max,0.011554134078323841
maize,5,ndvi_mean,0.18274831771850586
maize,5,rain_cum,0.3416076898574829
maize,5,tmean_avg,0.04843677207827568
maize,5,tmean_last,0.03707008808851242
maize,5,year,0.19497860968112946
maize,6,ndvi_s1,0.026112597435712814
maize,6,ndvi_s2,0.030048556625843048
maize,6,ndvi_s3,0.06106540933251381
maize,6,ndvi_s4,0.03059319779276848
maize,6,ndvi_s5,0.032021887600421906
maize,6,ndvi_s6,0.02621581219136715
maize,6,ndvi_max,0.014019759371876717
maize,6,ndvi_mean,0.12597708404064178
maize,6,rain_cum,0.31764712929725647
maize,6,tmean_avg,0.08769562840461731
maize,6,tmean_last,0.035695526748895645
maize,6,year,0.21290738880634308
