crop,lead,scheme,n,rmse,mae,r2,base_rmse,improvement_pct,coverage80,width
wheat,1,year,4273,359.87061017353886,268.76028642887707,0.8828133825412833,500.38608815311284,28.08141179508127,0.7652703018956237,750.8086719175719
wheat,2,year,4273,340.0385912000841,253.26888910685696,0.8953735054855129,500.38608815311284,32.04475518990929,0.7678446056634682,718.6618002407478
wheat,3,year,4273,335.4601038755866,249.0887596687667,0.8981720472258274,500.38608815311284,32.95974612049179,0.7650362742803651,700.1397542233994
wheat,4,year,4273,329.99675696795816,245.71412613727597,0.9014618051607539,500.38608815311284,34.05157241961878,0.7650362742803651,695.7785943203387
wheat,5,year,4273,331.88104313277074,246.2646345934272,0.9003332834141264,500.38608815311284,33.67500596235228,0.7659723847413995,694.531334421847
wheat,6,year,4273,330.6503776544186,244.90625741957373,0.9010710717011589,500.38608815311284,33.92094914652321,0.7622279428972619,694.4604860863849
wheat,6,state,4273,1043.517811359046,856.0466644456711,0.01466254710999726,1094.7484935804064,4.679675973228248,0.7720571027381231,2523.729120754342
chickpea,1,year,3572,189.82937703870013,139.71837730740063,0.7040508691040004,265.876599387187,28.602450356205257,0.765397536394177,394.44724849200196
chickpea,2,year,3572,184.40075751798767,136.3272189194029,0.7207355683923059,265.876599387187,30.644231969639748,0.7572788353863382,385.0739111063036
chickpea,3,year,3572,183.7273140956652,135.21191547371615,0.7227716270009241,265.876599387187,30.897523693648044,0.7656774916013438,379.398964986155
chickpea,4,year,3572,180.50741275922266,133.75457750805384,0.7324035751973613,265.876599387187,32.10857473908192,0.7628779395296752,376.92588055329054
chickpea,5,year,3572,180.6114849010826,133.78281715934082,0.7320949190488997,265.876599387187,32.06943171479929,0.7569988801791714,377.9743316162457
chickpea,6,year,3572,181.60069867200085,134.4421287930601,0.7291522363772369,265.876599387187,31.697374236556275,0.7639977603583427,377.79531689131716
chickpea,6,state,3572,308.6067563681041,242.21399056400924,0.217830127794446,354.7590366976793,13.009472784453846,0.7631578947368421,709.0554487944516
rice,1,year,4704,313.020043187208,226.64181340546975,0.8979292366969257,462.01431079172426,32.24884254108804,0.7738095238095238,633.2820868727174
rice,2,year,4704,312.6096961849366,225.82614803025388,0.8981966762995787,462.01431079172426,32.33765948737878,0.7767857142857143,630.3239322370489
rice,3,year,4704,315.0036592533499,226.78545231618673,0.8966314876442667,462.01431079172426,31.819501713367202,0.7742346938775511,628.4049459661287
rice,4,year,4704,314.3761359186682,226.06872037873163,0.8970429212341362,462.01431079172426,31.955325067757755,0.7735969387755102,629.1919375335937
rice,5,year,4704,312.74551307601837,225.2745430430136,0.8981081978252323,462.01431079172426,32.30826280249058,0.7755102040816326,626.5438625823871
rice,6,year,4704,314.8950147788336,226.16716978215183,0.8967027787591231,462.01431079172426,31.843017104985716,0.7729591836734694,627.3079818410127
rice,6,state,4704,972.2632884556294,782.7187757299367,0.015252598102284631,1016.0462192599014,4.3091475539531965,0.7451105442176871,2361.4896646194716
maize,1,year,4165,621.5384708626408,420.7225901624486,0.8061203775513112,843.365241537934,26.302574465930917,0.7896758703481392,1124.99877153366
maize,2,year,4165,622.5720643421887,418.6482221773942,0.8054750133606976,843.365241537934,26.18001861128565,0.782953181272509,1113.3956022733114
maize,3,year,4165,620.1679397398535,417.97265868426734,0.8069744681881199,843.365241537934,26.465081889202004,0.7841536614645859,1110.5905732537376
maize,4,year,4165,620.0117940539759,418.0198354349322,0.8070716557652023,843.365241537934,26.483596487407745,0.7865546218487395,1112.2568453346123
maize,5,year,4165,620.7157909522299,418.7818144714552,0.8066332832481771,843.365241537934,26.400121752668827,0.7831932773109244,1108.09573954142
maize,6,year,4165,621.6708864716827,420.04099225411585,0.8060377586171379,843.365241537934,26.2868736043682,0.7846338535414166,1108.3264732933917
maize,6,state,4165,1369.7916412513198,1010.7924926063511,0.05831607076525991,1459.8355595852613,6.1680863808744935,0.7601440576230493,2828.6832203989843
